company_domain,company_name,industry,lead_name,title_role,email,email_confidence,phone,linkedin_url,twitter_handle,github_url,tech_stack_summary,lead_score,outreach_status
acme-cloud.io,Acme Cloud,Cloud Infrastructure,Sarah Connor,Chief Information Security Officer (CISO),sarah.connor@acme-cloud.io,99%,+1 (415) 890-4190,https://linkedin.com/in/sarah-connor,@sarah_sec,sarah-c,GCP / Kubernetes / Next.js,95,Qualified
acme-cloud.io,Acme Cloud,Cloud Infrastructure,Marcus Wright,VP of Engineering,marcus.wright@acme-cloud.io,95%,+1 (415) 890-4191,https://linkedin.com/in/marcus-wright,@mwright_eng,mwright,AWS / Kubernetes / React,90,Contacted
acme-cloud.io,Acme Cloud,Cloud Infrastructure,Elena Vance,Chief Technology Officer (CTO),elena.vance@acme-cloud.io,98%,+1 (415) 890-4192,https://linkedin.com/in/elena-vance,@evance_tech,avance,Cloudflare / Next.js / Python,95,Qualified
cyberdyne.ai,Cyberdyne AI,Autonomous Systems,Miles Dyson,Director of AI Research,miles.dyson@cyberdyne.ai,92%,+1 (408) 555-0199,https://linkedin.com/in/miles-dyson,@mdyson_ai,mdyson,PyTorch / Kubernetes / Docker,85,Nurturing
massivesoft.com,MassiveSoft,Enterprise Software,David Bowman,VP of Security,david.bowman@massivesoft.com,94%,+1 (206) 555-0144,https://linkedin.com/in/david-bowman,,dbowman,Azure / Kubernetes / Go,88,Qualified
weyland.corp,Weyland Corp,Biotechnology,Peter Weyland,Chief Executive Officer (CEO),peter.weyland@weyland.corp,99%,+1 (212) 555-0188,https://linkedin.com/in/peter-weyland,,pweyland,AWS / Next.js / Tailwind,92,Contract Sent
tyrell.bio,Tyrell Genetics,Genomics,Eldon Tyrell,Chief Executive Officer (CEO),eldon.tyrell@tyrell.bio,99%,+1 (310) 555-0123,https://linkedin.com/in/eldon-tyrell,,,AWS / Next.js / GraphQL,90,Meeting Scheduled
omnicorp.net,OmniCorp,Robotics,Richard Jones,Senior VP of Operations,dick.jones@omnicorp.net,88%,+1 (313) 555-0167,https://linkedin.com/in/richard-jones,,,GCP / Kubernetes,82,In Review
stark-defense.com,Stark Defense,Aerospace,Anthony Stark,Chief Technology Officer (CTO),tony@stark-defense.com,99%,+1 (310) 555-0199,https://linkedin.com/in/anthony-stark,@iron_stark,astark,AWS / Kubernetes / React / Python,98,Closed Won
sovereign-node.org,Sovereign Node,Decentralized Mesh,Alex Mercer,Head of Infrastructure,alex@sovereign-node.org,91%,+1 (650) 555-0177,https://linkedin.com/in/alex-mercer,,amercer,Rust / WireGuard / Linux,86,Discovery
bladerunner.tech,BladeRunner Analytics,Security Analytics,Rick Deckard,Lead Security Architect,deckard@bladerunner.tech,90%,+1 (213) 555-0142,https://linkedin.com/in/rick-deckard,,,Linux / Python / Postgres,82,Follow-up
neura-link.io,NeuraLink Networks,Neural Interfaces,Claire Bennet,Director of Information Security,claire@neura-link.io,95%,+1 (415) 555-0111,https://linkedin.com/in/claire-bennet,,cbennet,GCP / Kubernetes / Next.js,89,Qualified
